Word,Index
climate,923
centralabout,795
usabout,5463
usteamcareerspress,5485
releasesequityour,4294
storyour,4923
approachour,308
workprogramstoolsspecial,5723
topicsdata,5264
productssea,4023
level,3004
riseclimate,4423
central,794
program,4034
on,3610
sea,4555
rise,4422
strives,4946
to,5238
provide,4080
accurate,37
clear,916
and,242
granular,2286
information,2671
about,7
coastal,951
flood,2044
hazards,2399
both,622
locally,3072
globally,2242
today,5240
tomorrow,5248
mattersclimate,3199
matters,3196
is,2786
reporting,4329
resource,4358
that,5155
helps,2438
meteorologists,3262
journalists,2843
report,4327
impacts,2583
solutions,4784
in,2604
ways,5612
are,330
local,3070
immediate,2579
personal,3778
grounded,2312
the,5157
latest,2945
science,4537
partnership,3730
journalismclimate,2837
journalism,2835
collaborates,962
with,5700
newsrooms,3491
nationwide,3436
including,2613
print,3992
radio,4151
digital,1444
tv,5364
outlets,3666
shift,4656
index,2634
revealing,4396
realtime,4209
fingerprints,2022
of,3589
change,818
weathersee,5623
all,185
programsimpactstoriesresearchgivegive,4039
nowways,3548
giveresourcesopen,2229
search,4557
boxsearchcheck,630
score,4546
influence,2664
temperature,5129
anywhere,287
researching,4349
communicating,1012
solutionswe,4787
use,5468
technology,5118
generate,2195
thousands,5192
storylines,4922
compelling,1026
visuals,5552
make,3136
show,4673
what,5655
can,732
be,494
done,1534
it,2794
usscience,5482
made,3124
clearhelping,917
bring,650
into,2749
reportingclimate,4330
mattersexploration,3200
easypowerful,1606
tools,5258
understand,5401
solutionscoastal,4785
risk,4426
screening,4552
toolexplore,5256
flooding,2047
risks,4429
worldwide,5734
maps,3158
most,3381
advanced,90
available,422
global,2239
model,3334
elevationsglobal,1661
indexsee,2639
daily,1267
temperatures,5130
around,344
world,5727
picturing,3815
our,3658
futurevisualize,2166
how,2511
energy,1714
choices,866
this,5185
decade,1313
will,5684
levels,3006
for,2070
hundreds,2526
years,5757
sinking,4709
tax,5104
basequantify,479
impact,2580
county,1192
bases,480
as,354
property,4064
lines,3036
move,3386
inland,2686
indexdemonstrate,2636
by,703
using,5479
tm,5237
put,4117
number,3555
weather,5621
conditions,1066
powercreate,3929
download,1544
graphical,2288
forecasts,2077
wind,5688
or,3637
solar,4778
electricity,1655
generation,2197
any,281
media,3227
market,3171
congressional,1080
districtrisk,1497
finderexplore,2017
community,1017
downloadable,1545
tables,5075
figures,1997
projections,4051
potential,3923
populations,3900
land,2923
values,5495
morecoastal,3370
elevationsrealtime,1662
resourcesproduction,4361
ready,4203
localized,3071
just,2857
click,919
awayexplore,438
materials,3192
libraryclimate,3014
mattersburning,3198
hot,2505
fire,2025
across,46
united,5422
statesincreasing,4882
heat,2422
dryness,1577
putting,4119
more,3369
people,3763
at,390
from,2134
america,224
summer,5005
packagesummer,3695
here,2444
hotter,2506
than,5152
ever,1817
summers,5006
have,2391
warmed,5586
locations,3076
average,425
since,4705
mattersmore,3202
risky,4430
days,1295
locationsthe,3077
annual,263
has,2387
increased,2625
according,30
analysis,239
matterssevere,3203
storm,4918
supercell,5012
tornado,5266
trendsmore,5328
billion,557
dollar,1520
severe,4630
storms,4919
tornadic,5265
shifting,4657
east,1602
additional,74
vulnerable,5572
communities,1016
extending,1900
earlier,1593
winter,5697
months,3364
mattersshifting,3204
planting,3840
zonesas,5790
warms,5590
zones,5789
north,3525
affecting,117
which,5662
plants,3841
farmers,1952
gardeners,2181
grow,2320
their,5158
area,331
mattersintroducing,3201
new,3480
csi,1235
tool,5254
provides,4084
real,4204
time,5218
scores,4548
indicating,2642
cities,887
mattersbillion,3197
disasters,1469
already,210
experienced,1864
well,5642
above,8
reflecting,4263
long,3086
term,5138
frequency,2124
such,4982
devastating,1413
events,1814
high,2452
news,3483
collaborationspartnerships,965
supporting,5021
class,907
resourceslearn,4360
morewind,3376
blows,591
nebraska,3451
thanks,5154
farms,1954
reader,4191
journalismapril,2836
surviving,5037
water,5605
york,5764
city,890
crisis,1219
age,129
documented,1514
view,5535
poses,3913
threats,5197
birds,571
journalismmarch,2840
us,5461
wetlands,5650
rapidly,4173
disappearing,1467
ll,3062
take,5082
save,4510
them,5159
quartz,4133
extremes,1908
prescribed,3957
burns,693
riskier,4427
but,700
essential,1776
kunr,2909
journalismdecember,2838
after,125
ian,2538
nicole,3498
experts,1871
warn,5591
health,2410
blue,592
green,2299
algae,174
adaptwjct,70
journalismnovember,2841
rising,4425
seas,4559
charleston,839
fairways,1936
its,2798
municipal,3408
golf,2254
course,1194
leads,2968
adapting,69
abc,2
could,1185
sink,4708
nj,3512
base,477
not,3531
shore,4664
spotlight,4849
journalismoctober,2842
historic,2469
harriet,2382
tubman,5352
sites,4716
eastern,1603
nbc,3444
washington,5597
data,1282
may,3210
colorado,978
best,540
bet,541
mitigate,3321
increasing,2627
wildfire,5681
front,2135
range,4168
sun,5007
journalismjanuary,2839
safer,4479
allcritical,187
work,5715
support,5018
socially,4768
economically,1612
disadvantaged,1465
groupslearn,2316
morenewsletter,3375
signuplooking,4695
sign,4686
up,5444
heresign,2445
upsee,5452
monthly,3363
highlights,2455
centralsupport,796
there,5167
lots,3099
help,2434
fund,2153
todaylearn,5241
morecontact,3371
uscareersgive,5465
givefinancialsfundersfacebookyoutubecopyright,2227
centralterms,797
useprivacy,5472
policyeditorial,3875
independence,2632
warming,5589
skepticism,4728
examined,1835
look,3088
close,936
panel,3709
clam,904
bake,452
clams,905
glossary,2246
lookup,3092
enter,1738
box,628
find,2016
definition,1341
settings,4627
controls,1147
far,1950
right,4415
increase,2624
decrease,1327
terms,5141
automatically,420
displayed,1488
completely,1035
turn,5357
feature,1969
off,3590
define,1338
beginner,512
intermediate,2737
no,3514
definitions,1342
life,3019
seconds,4566
minute,3301
until,5438
closed,937
ipcc,2774
taken,5083
physical,3807
basis,488
working,5718
group,2314
contribution,1141
fourth,2104
assessment,372
intergovernmental,2733
annex,258
pp,3935
cambridge,724
university,5424
press,3969
home,2487
arguments,339
software,4775
resources,4359
comments,1000
consensus,1088
project,4048
translations,5305
changed,819
before,508
bad,444
cooling,1161
models,3337
unreliable,5434
temp,5128
record,4234
animals,253
adapt,65
hasn,2389
antarctica,273
gaining,2174
ice,2540
username,5474
password,3740
register,4277
forgot,2083
your,5770
posts,3922
patrick,3747
brown,665
recycled,4240
hallucination,2353
skeptical,4727
research,4346
week,5636
adam,64
if,2563
we,5613
stop,4911
emitting,1689
then,5162
glance,2235
does,1516
cold,959
disprove,1489
ocean,3581
likely,3029
idalia,2549
destructive,1403
power,3928
least,2980
sks,4734
weekly,5638
roundup,4459
exploring,1888
feasibility,1967
bunk,683
teachers,5108
guide,2331
cranky,1205
uncle,5390
downloads,1546
co,946
pollutant,3883
john,2827
clauser,912
denying,1371
physicist,3808
knowledge,2894
an,235
interview,2747
perona,3775
scientist,4542
author,416
blogger,588
china,860
cropland,1225
much,3397
canada,733
wildfires,5682
doubled,1537
likelihood,3028
extreme,1906
climateadam,925
vlog,5556
brothers,663
geoengineering,2202
substances,4979
trace,5282
amounts,230
cause,774
large,2935
effects,1637
hawaii,2393
future,2164
dry,1575
regions,4276
get,2214
drier,1557
while,5664
wet,5649
areas,332
wetter,5651
tipping,5230
point,3866
soon,4799
caused,775
do,1510
phrases,3806
like,3027
boiling,600
hinder,2462
action,49
rebuttals,4219
update,5446
factory,1926
archives,328
explaining,1883
rebutting,4220
misinformation,3306
human,2519
leading,2967
scale,4519
under,5395
guise,2340
public,4089
bombarded,604
casts,763
doubt,1540
reality,4207
website,5632
gets,2215
mission,3315
simple,4702
debunk,1309
presenting,3962
peer,3758
reviewed,4401
techniques,5115
denial,1362
discourses,1475
delay,1347
posted,3920
september,4610
doug,1541
bostrom,621
creating,1212
external,1903
costs,1181
coming,997
very,5525
disgruntled,1482
ex,1830
academic,14
breakthrough,640
institute,2709
recently,4223
blew,583
his,2468
top,5259
over,3675
some,4791
might,3281
interpret,2743
frustration,2139
failure,1933
place,3824
enough,1731
articles,351
own,3682
merit,3250
prestige,3975
journals,2844
decided,1318
deal,1300
tactical,5079
expediency,1861
leaving,2982
him,2460
feeling,1979
squeamish,4858
seeking,4580
explain,1872
justify,2859
himself,2461
smearing,4751
former,2087
colleagues,969
vents,5519
pent,3762
feelings,1980
op,3620
ed,1619
poured,3926
sweet,5054
music,3414
desperately,1398
thirsty,5184
pathetically,3743
grateful,2291
ears,1596
deniers,1366
spanning,4820
globe,2243
hearing,2419
echoes,1610
impulsively,2603
emotional,1690
blurt,593
given,2228
workable,5716
material,3190
contrarians,1136
repeat,4321
scanty,4524
meaning,3216
durable,1581
harm,2376
progress,4041
good,2256
end,1703
silver,4699
lining,3037
net,3470
gain,2173
legitimate,2992
being,519
promoted,4058
opinions,3626
easily,1601
shown,4676
factually,1928
incorrect,2622
screed,4551
hinges,2465
set,4624
bold,601
claims,903
connection,1085
paper,3712
published,4094
nature,3439
he,2401
was,5595
lead,2963
underpinnings,5398
assertions,368
juiced,2851
rare,4174
success,4980
employing,1694
deceptive,1317
practices,3938
frames,2110
argument,338
mea,3214
culpa,1237
belated,522
regret,4280
freely,2119
apparently,292
would,5741
now,3545
excuse,1843
scapegoating,4525
bystanders,704
another,268
choice,865
anecdotal,247
self,4591
imposed,2594
experience,1863
through,5201
outlier,3667
concludes,1060
knows,2896
things,5178
knew,2892
try,5349
quantify,4128
key,2873
aspects,364
other,3655
my,3417
because,501
dilute,1445
story,4920
prestigious,3976
rival,4431
want,5582
tell,5124
editors,1625
these,5174
abundantly,12
they,5175
publish,4093
reject,4285
papers,3713
certain,803
preapproved,3943
narratives,3429
even,1810
when,5658
those,5188
come,991
expense,1862
broader,657
society,4771
first,2029
thing,5177
astute,388
researcher,4347
her,2442
should,4672
mainstream,3134
narrative,3428
didn,1430
bother,623
study,4960
obviously,3575
relevant,4296
factors,1925
did,1429
know,2893
realistic,4206
useful,5470
also,211
detract,1412
clean,913
centered,792
negative,3460
thus,5207
odds,3588
pass,3734
muster,3416
reviewers,4402
accusations,38
comes,994
short,4667
evidence,1826
common,1007
previous,3981
variations,5502
broad,655
theme,5160
ve,5508
often,3601
heard,2418
review,4400
suborned,4970
cabal,706
globalists,2241
communists,1015
progressives,4045
conspiratorial,1108
hobbyhorse,2477
scientists,4543
read,4190
scripts,4553
corrupt,1177
boringly,615
familiar,1942
wrong,5747
marc,3162
kodack,2897
open,3621
access,22
notables,3532
governmentngo,2268
section,4569
survey,5036
ipsos,2775
gauging,2188
day,1293
persons,3780
one,3612
four,2103
americans,226
say,4514
harder,2373
live,3054
many,3155
struggle,4954
separate,4607
sensory,4605
perceptions,3767
metaphysics,3260
ideology,2561
strongly,4951
coloring,979
worldview,5733
quantitatively,4131
different,1437
parents,3716
were,5646
born,616
don,1528
necessarily,3454
see,4575
perhaps,3770
wide,5673
reaching,4189
difficult,1440
expect,1858
continue,1129
notably,3533
partisanship,3726
colors,980
views,5541
overall,3676
democrats,1357
experiences,1865
belief,525
adverse,94
republicans,4337
tapped,5095
consciousness,1087
means,3217
increasingly,2628
living,3060
heatwaves,2425
import,2591
varies,5503
differently,1439
laypeople,2960
epidemiologists,1757
climatic,930
sofia,4774
boni,606
et,1786
al,166
thoroughly,5187
explore,1885
concept,1051
heatwave,2424
perceived,3765
processed,4011
variety,5504
challenged,811
non,3518
stationarity,4884
moderm,3342
onto,3618
same,4488
page,3698
wave,5609
interdisciplinary,2729
perspective,3781
job,2823
let,3000
alone,206
addressing,78
main,3131
urgencies,5456
cooperation,1163
against,128
enemy,1713
side,4682
benefits,536
via,5526
advances,91
cui,1236
deliver,1348
highly,2456
detailed,1405
respective,4363
coal,947
plant,3839
inventory,2760
two,5370
superpowers,5014
eye,1910
coordinated,1164
retirement,4386
transition,5302
pathway,3744
describes,1388
low,3102
hanging,2361
fruit,2136
dragged,1552
down,1542
major,3135
actors,57
concert,1058
yieldingswift,5762
deep,1332
emission,1684
reductions,4252
joint,2829
itself,2799
lower,3103
related,4286
emissions,1685
relative,4290
catalytic,765
effect,1633
possibility,3916
country,1190
taking,5085
compatible,1025
actions,50
opinion,3625
piece,3816
proposing,4066
target,5097
plos,3857
breyer,646
brief,648
rethink,4384
safety,4480
agreed,143
allowable,200
amount,229
planetary,3831
surface,5027
go,2247
identify,2557
components,1041
drop,1569
figure,1996
rd,4185
so,4764
doing,1519
must,3415
hypothesize,2537
daccs,1265
direct,1452
air,155
capture,746
carbon,747
storage,4912
massive,3186
plaything,3853
legacy,2987
interests,2732
hence,2441
buffeted,673
ink,2685
optics,3631
stripping,4945
aside,359
math,3193
handled,2359
seperately,4608
calm,722
consideration,1099
attain,398
within,5703
acceptable,20
certainty,804
gtcoa,2324
cdr,784
needed,3457
early,1594
onwards,3619
enormous,1730
approximate,312
current,1250
require,4341
only,3616
primary,3986
demand,1353
continued,1130
rapid,4172
scaling,4522
pv,4121
strong,4948
efficiency,1640
gains,2175
utilising,5489
pumps,4103
cost,1179
supplied,5015
geothermal,2210
thermal,5171
become,502
plausible,3848
industrial,2654
financial,2013
societal,4769
diverse,1501
portfolios,3907
combining,988
natural,3437
sustainable,5046
technological,5116
enable,1698
achieving,41
century,801
facilitating,1918
safe,4476
civilisation,900
renewable,4318
deployment,1379
europe,1796
politics,3881
matter,3195
silva,4698
environment,1743
development,1419
sustainability,5045
spot,4847
unsupported,5437
conclusion,1061
arguably,335
neoliberal,3466
tinged,5228
nobody,3517
sense,4602
likes,3030
boxed,629
further,2162
tampering,5091
earth,1597
system,5066
arguing,337
without,5704
full,2146
won,5708
issue,2792
option,3635
magically,3127
away,437
yue,5776
publishing,4098
atmospheric,394
break,638
ground,2311
mixed,3325
bag,447
thermosteric,5173
dynamic,1588
authors,419
wouldn,5742
affected,116
equally,1760
coastlines,952
employment,1695
sai,4481
stratospheric,4931
aerosol,113
injection,2683
complicating,1038
challenging,813
decision,1319
space,4816
results,4382
hint,2466
equity,1762
potentially,3924
important,2593
feedback,1975
reservoirs,4351
unprecedented,5430
historical,2470
erosion,1767
gulf,2342
coast,950
consequence,1091
accelerated,16
anderson,244
cutting,1259
chase,842
yes,5759
ubiquitous,5378
toward,5278
shoreline,4665
along,207
during,1582
th,5150
plausibly,3849
due,1579
acceleration,18
currently,1251
order,3640
magnitude,3129
faster,1958
late,2942
holocene,2486
rate,4176
engineered,1719
shorelines,4666
dwindling,1586
sand,4494
critical,1220
need,3456
management,3149
state,4878
continuous,1133
landward,2930
retreat,4389
variable,5501
behavior,514
dominated,1525
coasts,953
modern,3343
times,5222
inundation,2755
poorly,3896
suited,5000
predicting,3946
changes,825
decades,1314
estimate,1782
contributing,1140
event,1812
spring,4852
yunnan,5777
province,4086
southwest,4815
characteristics,832
possible,3917
causes,776
dong,1535
atmosres,395
asymmetric,389
relationship,4288
between,545
tibetan,5208
plateau,3844
regimes,4273
oceanic,3582
circulations,884
bafitlhile,446
liu,3053
international,2740
journal,2834
climatology,931
joc,2825
marine,3168
hong,2492
jian,2820
accre,36
contrasting,1137
shallow,4635
barents,470
kara,2862
intraseasonal,2750
li,3009
jcli,2813
doubling,1539
meridional,3249
transport,5310
symmetry,5061
mesoscale,3252
eddies,1620
wang,5581
communications,1014
pdf,3754
evaluation,1809
multi,3401
upper,5450
content,1120
intensity,2723
translation,5304
speed,4833
tropical,5336
cyclones,1263
indian,2641
albert,170
bhaskaran,547
theoretical,5163
applied,301
guest,2329
video,5532
includes,2612
conclusions,1062
creator,1214
dr,1550
levy,3008
presented,3961
readers,4192
informed,2675
please,3854
description,1390
references,4258
burning,692
fossil,2095
fuels,2144
heating,2423
planet,3830
quit,4140
fuel,2141
habit,2347
greenhouse,2301
gases,2183
happens,2367
answers,271
seem,4582
vary,5506
really,4208
protect,4071
ourselves,3659
patreon,3746
https,2515
comclimateadam,990
mason,3183
baerbelw,445
february,1972
announced,260
rebuttal,4218
included,2611
ask,360
added,71
updated,5447
basic,481
versions,5524
blog,587
post,3919
series,4614
serves,4617
bump,682
features,1971
follow,2062
upcoming,5445
weeks,5639
reading,4195
link,3038
bottom,626
join,2828
discussion,1478
comment,998
thread,5193
november,3544
december,1316
saw,4513
memorable,3245
bitterly,574
snap,4758
uk,5382
residents,4353
still,4907
remember,4310
met,3257
office,3594
night,3502
last,2940
minimum,3296
records,4236
fall,1937
wales,5577
northern,3527
ireland,2781
recorded,4235
coldest,960
began,509
fell,1982
llysdinam,3065
near,3447
llandrindod,3063
wells,5644
powys,3934
lough,3101
fea,1963
scotland,4549
loch,3078
glascarnoch,2237
whilst,5665
england,1721
topcliffe,5260
yorkshire,5767
brr,669
pays,3753
bit,573
you,5768
parts,3732
western,5648
greenland,2302
hit,2474
plus,3859
celsius,790
degrees,1346
warmer,5587
reason,4210
remarkable,4307
difference,1435
elongated,1666
slow,4742
moving,3391
pressure,3973
situated,4719
atlantic,392
arctic,329
flows,2052
systems,5068
clockwise,935
direction,1454
left,2986
flank,2037
warm,5585
normally,3524
chilly,859
came,725
surging,5029
southwards,4814
towards,5279
unusually,5441
easy,1605
confuse,1077
trends,5327
beach,495
trying,5350
out,3660
tide,5211
falling,1938
watching,5604
three,5198
individual,2648
waves,5610
roll,4445
masked,3181
constant,1109
churning,876
watch,5603
minutes,3302
better,543
idea,2550
similar,4700
way,5611
normal,3523
ups,5451
downs,1547
mask,3180
changing,827
longer,3087
span,4819
looking,3090
recent,4222
shows,4677
highs,2457
occur,3577
nearly,3450
twice,5369
lows,3104
although,214
beating,498
gradual,2272
form,2084
technical,5113
version,5523
below,531
dig,1441
deeper,1333
tabs,5076
details,1406
re,4186
yale,5753
connections,1086
jeff,2814
masters,3188
hurricane,2530
charged,835
ashore,357
florida,2050
big,554
bend,533
wednesday,5635
morning,3377
aug,410
powerful,3931
category,771
mph,3393
winds,5690
bringing,651
extremely,1907
dangerous,1277
surge,5028
torrential,5269
rains,4162
unused,5439
hurricanes,2531
devastation,1414
yet,5761
written,5746
little,3052
identified,2555
contributor,1143
engines,1720
convert,1151
kinetic,2882
allow,199
assuming,384
shear,4649
moist,3346
atmosphere,393
present,3959
back,442
mit,3319
kerry,2871
emanuel,1671
theorized,5166
speeds,4835
expected,1860
every,1820
degree,1345
oceans,3583
computer,1046
modeling,3336
found,2098
slightly,4739
smaller,4746
damage,1269
increases,2626
exponentially,1889
example,1836
noaa,3515
tornadoes,5267
line,3035
yields,5763
multiplier,3405
compared,1023
minimal,3292
factor,1923
image,2574
credit,1216
hartz,2383
chronological,875
listing,3046
facebook,1914
past,3741
sep,4606
thru,5203
sat,4502
lee,2985
adds,79
growing,2321
trend,5325
intense,2720
powered,3930
source,4808
national,3434
center,791
intensified,2722
pace,3690
thursday,5206
adding,72
spate,4822
year,5756
symptom,5062
eighth,1646
basin,485
occurred,3578
seven,4628
cnn,945
database,1283
appeared,293
basins,487
where,5659
jova,2845
strengthened,4937
especially,1775
seen,4584
couple,1193
intensification,2721
telltale,5126
exactly,1832
kevin,2872
reed,4253
expert,1869
professor,4028
stony,4910
brook,661
school,4535
sciences,4540
told,5245
entire,1739
article,350
originally,3652
rachel,4145
ramirez,4165
improve,2598
agility,137
dealing,1302
newly,3482
emergent,1681
revisitation,4403
old,3604
general,2194
misinformers,3307
platforms,3847
causing,778
title,5234
appreciate,305
value,5494
shaping,4638
care,748
answer,269
following,2064
questions,4135
google,2259
helpful,2436
debunked,1310
specific,4830
agenda,133
driven,1562
misinforming,3308
social,4767
etc,1787
profile,4029
frequently,2125
repeated,4322
contexts,1126
topical,5261
trendy,5329
novel,3543
unfamiliar,5412
examples,1837
called,718
question,4134
invites,2770
thoughts,5191
selected,4588
samples,4491
gather,2185
handle,2358
input,2692
readily,4194
feed,1974
publication,4090
therefore,5169
actual,59
debunkings,1312
submissions,4968
sorry,4802
ones,3613
suggestion,4993
response,4368
filling,2004
meteorological,3261
organization,3646
released,4292
retrospective,4393
situation,4720
gas,2182
continues,1131
gravely,2292
impacted,2581
drought,1572
africa,122
breaking,639
rainfall,4161
pakistan,3704
tens,5136
millions,3285
drove,1574
food,2065
insecurity,2694
boosted,613
mass,3184
migration,3283
billions,559
dollars,1521
loss,3095
wmo,5706
secretary,4568
prof,4024
petteri,3791
taalas,5072
arson,347
debate,1305
ablaze,5
disinformation,1484
geophysical,2206
letters,3003
concerning,1056
suggesting,4992
undershooting,5400
distant,1492
largest,2938
attribution,406
antarctic,272
march,3164
blanchard,579
wigglesworth,5679
registered,4278
warmest,5588
anomaly,266
resulted,4380
fluxes,2053
widely,5674
used,5469
cannot,737
simulate,4704
equivalent,1764
ensemble,1732
bias,549
improved,2599
nudging,3553
observations,3569
thermodynamic,5172
amplification,231
latter,2950
finding,2018
interior,2734
icecap,2542
melting,3238
helping,2437
delivered,1349
needs,3459
confidence,1071
jaded,2804
steeped,4896
thick,5176
soup,4807
rubbishy,4464
propaganda,4061
seems,4583
though,5189
something,4794
missing,3314
why,5672
trust,5344
researchers,4348
alvarez,215
debnath,1306
ebanks,1608
sizeable,4724
representative,4334
sample,4490
states,4881
determine,1410
shapes,4637
reliability,4297
minds,3289
think,5179
specifically,4831
elicits,1663
associated,380
importance,2592
problem,4005
ii,2567
beliefs,526
whether,5661
humans,2522
iii,2568
who,5668
trusts,5346
centers,793
findings,2019
broadly,658
replicating,4325
associations,382
ideological,2560
alignments,181
hand,2356
offer,3591
suggestions,4994
distrusts,1498
persuadable,3783
second,4565
communication,1013
framing,2112
messaging,3256
third,5182
appropriate,309
necessary,3455
finally,2009
develop,1415
culture,1240
communicated,1011
accounting,34
broadcast,656
consumed,1114
synthetic,5064
investigation,2762
resultant,4379
kind,2881
disordered,1485
attempting,399
inflate,2662
leaking,2972
tire,5233
seeing,4578
puncture,4105
leak,2971
enduring,1712
puzzlement,4120
obediently,3564
stay,4891
battered,490
concerted,1059
industrialized,2655
campaign,727
treen,5324
numerous,3557
others,3656
cites,886
therein,5170
principally,3989
exist,1853
sampling,4492
believe,527
andor,245
myopic,3419
impoverished,2597
mental,3247
landscape,2927
reasonable,4211
suppose,5024
attempts,400
foster,2096
involved,2772
account,31
active,51
measures,3224
engaged,1716
destroying,1402
mysterious,3420
too,5252
akin,165
victim,5529
battering,492
chronically,874
stuck,4955
stage,4866
person,3777
me,3213
keep,2865
frame,2108
lest,2998
needlessly,3458
distorted,1495
pursuit,4114
impossible,2596
goals,2249
enivronmental,1727
psychology,4088
brings,652
conspiracy,1107
theories,5164
systematic,5067
tam,5089
chan,817
advertised,96
collate,968
ideation,2553
studies,4959
directions,1455
penetration,3760
typical,5373
partisanideological,3725
boundaries,627
been,507
accomplished,28
gathered,2186
together,5242
omissions,3609
easier,1599
produce,4015
list,3043
promising,4057
avenues,424
gap,2180
understanding,5402
fact,1922
germane,2212
remarks,4308
great,2294
holistic,2483
grip,2309
weird,5640
cognition,957
regime,4272
weddell,5634
continental,1128
shelves,4655
remote,4312
biogeochemical,566
implications,2589
avoidable,430
scenario,4526
nissen,3507
latent,2943
pathways,3745
observational,3568
period,3772
liang,3011
collapse,967
circulation,883
mid,3278
hemisphere,2439
dynamics,1589
orbe,3638
january,2809
offers,3593
background,443
classroom,911
activity,56
ideas,2552
educators,1629
interested,2731
game,2178
teach,5107
thinking,5180
classes,909
builds,677
resilience,4355
strengthens,4939
players,3852
achieves,40
inoculation,2691
rhetorical,4409
mislead,3309
built,678
five,2033
outlined,3668
flicc,2041
framework,2111
activities,55
fail,1929
assignment,376
designed,1395
melanie,3234
trecek,5323
king,2883
going,2253
greater,2295
detail,1404
students,4957
responded,4367
suggested,4991
include,2610
introduction,2753
walk,5578
roleplaying,4444
create,1209
debunking,1311
pollution,3887
dictionary,1428
realise,4205
rather,4180
subjective,4964
harmless,2379
harmful,2377
dioxide,1449
emitted,1688
mechanism,3226
vehicle,5512
exhaust,1851
volcanic,5562
eruption,1768
stays,4893
unlike,5428
condense,1065
rain,4159
turbulence,5354
splendid,4841
mixing,3326
evenly,1811
places,3826
higher,2453
concentrations,1050
encountered,1701
trouble,5338
neither,3465
smelt,4752
words,5714
detect,1407
distance,1491
caves,780
mines,3291
known,2895
hazard,2395
result,4378
rotting,4456
timber,5217
oxidising,3687
particularly,3723
poor,3894
ventilation,5518
fails,1932
heavier,2426
ventilated,5517
underground,5396
collect,970
pockets,3863
waiting,5575
unwary,5443
miners,3290
explorers,1887
breathing,643
concentration,1049
gradually,2273
ill,2570
depends,1376
executive,1845
defined,1339
limits,3034
workplace,5721
limit,3031
exposure,1896
ppm,3937
shorter,4671
encounters,1702
anything,285
regarded,4271
accidents,27
fatalities,1960
workings,5719
lesser,2996
extent,1902
refer,4257
black,576
choke,867
damp,1272
recognition,4226
possibly,3918
worst,5738
disaster,1468
august,411
lake,2920
nyos,3563
northwestern,3529
cameroon,726
km,2891
size,4723
flooded,2045
sporadically,4845
belt,532
bearing,497
springs,4854
bed,505
typically,5374
stratified,4930
waters,5607
distinct,1493
layers,2959
chemistry,849
mix,3324
loaded,3067
gun,2343
layer,2958
saturated,4506
st,4861
overturning,3680
headed,2404
shaken,4634
pop,3897
bottle,625
vast,5507
cloud,942
instantly,2707
travelled,5317
livestock,3059
died,1431
asphyxiation,365
successful,4981
controlling,1146
build,674
lakes,2921
clearly,918
circumstances,885
deadly,1299
dana,1274
draws,1556
attention,403
declaring,1323
got,2261
always,216
color,977
television,5123
invented,2757
usually,5487
retired,4385
having,2392
nobel,3516
prize,4000
zero,5784
expertise,1870
william,5685
happer,2368
ivar,2800
giaever,2220
roger,4442
cohen,958
freeman,2120
dyson,1590
steven,4905
koonin,2898
robert,4439
laughlin,2952
mould,3383
never,3477
several,4629
whose,5671
veracity,5520
examine,1834
responsible,4371
july,2855
epoch,1758
claimed,901
beings,520
doesn,1517
saying,4515
atoms,396
particle,3721
physics,3810
proven,4079
incontrovertible,2619
combustion,989
releases,4293
tons,5251
per,3764
entirely,1740
revolution,4405
somewhere,4796
sinks,4710
biosphere,569
absorb,10
half,2351
ends,1710
explained,1873
denialx,1364
isotope,2790
ratio,4183
measurements,3223
demonstrate,1358
ancient,241
anyone,284
understands,5403
established,1779
falsehoods,1939
behind,516
misattributed,3305
videos,5533
lies,3018
warped,5594
fears,1966
fueling,2143
unfounded,5415
floods,2049
environmental,1744
became,500
commonplace,1009
pointed,3867
repeatedly,4323
shared,4640
driver,1563
theorists,5165
falsely,1940
smashing,4749
blistering,584
asia,358
had,2349
sensationalized,4601
part,3719
globalist,2240
hoax,2476
tales,5086
seeding,4576
airplanes,161
nearby,3448
dam,1268
italy,2796
vermont,5522
rwanda,4474
maui,3205
month,3362
produced,4016
ludicrous,3109
racked,4149
blamed,578
blaze,581
directed,1453
weapon,5615
footage,2066
braced,632
incorrectly,2623
online,3615
regularly,4282
contradicting,1135
preponderance,3956
scientific,4541
frivolous,2133
fantastical,1947
persist,3776
however,2512
attracting,405
audiences,408
frustrating,2138
evade,1808
catastrophe,768
tiffany,5213
hsu,2514
ago,138
touch,5273
aware,435
newsletter,3485
earthward,1598
similarities,4701
identity,2559
policy,3873
centric,799
approach,306
excited,1840
learn,2974
collaborated,961
style,4962
site,4714
profession,4025
trained,5293
quantitative,4130
biochemist,563
specializing,4828
enzyme,1753
structure,4952
function,2148
relationships,4289
interactions,2726
protein,4076
enzymes,1754
dna,1509
rna,4435
fortune,2092
spend,4836
childhood,855
italian,2795
alps,209
extended,1899
family,1944
probably,4004
catalyzed,766
lifelong,3022
passion,3737
outdoors,3664
expressed,1898
took,5253
earned,1595
tenure,5137
started,4875
emphasis,1691
problems,4007
studying,4961
unusual,5440
methanogens,3266
microorganisms,3276
biologically,567
derived,1384
methane,3265
california,716
portland,3908
oregon,3641
learned,2975
lab,2913
eventually,1816
discovered,1477
metabolic,3258
allows,202
cells,789
assimilate,377
reduced,4248
forms,2089
sulfur,5002
anaerobic,236
environments,1748
lacking,2917
oxygen,3688
volunteer,5566
organizations,3647
outside,3673
efforts,1643
small,4745
nonprofit,3521
law,2955
firm,2028
defense,1337
hold,2479
oil,3602
industry,2657
damages,1271
offshore,3600
drilling,1558
santa,4496
barbara,468
channel,829
later,2944
issues,2793
led,2984
formal,2085
citizen,888
advocate,110
healthy,2415
volunteered,5567
citizens,889
lobby,3069
ccl,783
advocating,112
economy,1615
advocates,111
legislature,2991
laws,2956
promoting,4059
focus,2056
book,608
kp,2902
comprehensive,1044
handbook,2357
covering,1201
advocacy,109
laypersons,2961
suitable,4997
text,5146
adult,87
education,1626
works,5724
audience,407
convinced,1152
rigorous,4418
treatment,5322
secure,4573
effective,1634
government,2267
business,698
leaders,2965
starts,4876
heavy,2428
covers,1202
balance,454
cycle,1260
denialist,1363
integrated,2715
chapters,831
moves,3389
interlude,2736
describing,1389
roadmaps,4437
chapter,830
campaigns,728
companies,1020
interspersed,2745
opportunities,3627
dedicated,1330
nonpartisan,3520
conservatives,1095
alike,182
movement,3387
reports,4331
outfit,3665
keeping,2866
happening,2366
wwa,5749
finds,2020
cumulative,1247
severity,4631
québec,4143
season,4560
seasons,4562
peak,3756
induced,2653
folks,2061
making,3140
sure,5025
everybody,1821
root,4453
burgeoning,687
threat,5194
plain,3827
enlightened,1729
interest,2730
angry,251
crowd,1228
characterized,833
differentiated,1438
deprivation,1380
isn,2789
smart,4747
romanovs,4448
guess,2328
concentrated,1048
reliance,4300
prior,3993
transitions,5303
considering,1102
applications,299
young,5769
lays,2962
history,2472
behinds,517
painting,3703
picture,3813
ray,4184
hope,2497
founded,2102
created,1210
achieve,39
bhutan,548
invention,2758
gross,2310
happiness,2369
timely,5219
reminder,4311
societies,4770
heart,2420
positive,3915
outcomes,3661
generations,2198
averages,426
tends,5134
hide,2451
mortality,3379
lüthi,3117
focuses,2058
largely,2936
mean,3215
unclear,5391
probabilistic,4002
combined,987
empirical,1692
countries,1188
probable,4003
impactful,2582
counts,1191
once,3611
ten,5132
twenty,5368
return,4394
periods,3773
projected,4049
shorten,4670
adaptation,67
occurs,3580
effectiveness,1636
moderating,3340
phillipp,3796
schneider,4534
marian,3167
andrei,246
rizolu,4434
pnas,3861
network,3472
moderation,3341
significant,4690
limiting,3033
hate,2390
appearing,294
hashtag,2388
climatescam,928
test,5143
yesterday,5760
christopher,872
piecuch,3817
benjamin,538
hamlington,2354
makes,3138
thought,5190
provoking,4087
tidal,5210
datums,1291
employed,1693
purposes,4113
official,3598
heights,2431
based,478
correspond,1175
presents,3963
legal,2988
political,3879
challenges,812
basically,482
illustrates,2572
fundamentally,2155
quickly,4139
collective,974
elevations,1660
recognized,4227
inundated,2754
acutely,62
seasonal,4561
moon,3367
tides,5212
underwater,5405
profound,4033
play,3850
stark,4872
demonstration,1359
redefining,4243
american,225
decarbonization,1315
finish,2023
excellent,1838
giving,2230
optimism,3632
wu,5748
neutralization,3475
cathode,772
calcium,708
ion,2773
batteries,491
status,4890
prospects,4069
introducing,2752
notion,3540
lithium,3049
battery,493
era,1765
exhausted,1852
few,1987
quite,4141
problematic,4006
abundant,11
light,3026
metals,3259
welcome,5641
prospect,4068
lay,2957
solid,4781
contemporary,1119
radiocarbon,4153
pookkandy,3893
latitude,2948
conceptual,1053
examination,1833
rostami,4455
asl,362
optimization,3633
uptake,5453
albedo,169
moderate,3338
instantaneous,2705
graf,2274
supercharger,5013
strongest,4950
typhoon,5371
pun,4104
npj,3550
influencing,2666
moharana,3345
swain,5050
wanyuan,5583
song,4797
chinese,861
agriculture,147
hectares,2429
wheat,5657
sustained,5048
agricultural,146
throughout,5202
rest,4373
un,5387
bank,461
stress,4940
farming,1953
sector,4571
arable,322
plan,3828
minimise,3293
wider,5675
looks,3091
policies,3872
face,1913
security,4574
forestry,2079
suffered,4988
six,4721
ministry,3298
rural,4472
affairs,114
stated,4879
conference,1069
facing,1921
brought,664
affect,115
june,2856
torrent,5268
typhoons,5372
followed,2063
destroyed,1401
corn,1169
rice,4411
crops,1226
henan,2440
tonnes,5250
lost,3097
insists,2698
harvest,2384
grain,2276
output,3671
decreased,1328
bn,594
jin,2822
total,5271
department,1372
predicts,3947
sunflower,5009
seeds,4577
barley,471
cotton,1183
reduction,4251
production,4020
surpass,5031
obvious,3574
snow,4761
melts,3239
downhill,1543
gravity,2293
collects,975
wherever,5660
retained,4383
regular,4281
snowfalls,4762
processes,4012
capped,743
mountains,3385
photogenic,3801
eventual,1815
thaw,5156
river,4432
sharply,4645
meltwater,3240
apply,302
principles,3991
glaciers,2234
caps,744
surprise,5032
ultimately,5386
note,3534
talking,5087
melt,3235
indeed,2631
ended,1705
gone,2255
risen,4424
metres,3270
raise,4163
whopping,5670
sort,4803
mm,3327
inch,2608
lot,3098
expansion,1857
expand,1855
accelerating,17
fast,1957
consider,1097
glacial,2232
meltdown,3236
ominously,3608
named,3423
pulse,4100
enhanced,1723
rose,4454
roughly,4458
inches,2609
drastic,1554
rates,4178
happen,2364
again,127
nevertheless,3478
sheets,4651
getting,2216
metre,3269
next,3492
pick,3811
biggest,555
reach,4187
maybe,3211
imagine,2577
extra,1905
makers,3137
centuries,800
went,5645
pretending,3977
favourably,1961
behaviour,515
ayesha,440
tandon,5092
experiencing,1866
burned,690
acres,45
forcing,2074
evacuate,1807
sending,4597
billowing,560
plumes,3858
smoke,4756
reached,4188
forest,2078
fires,2027
thirds,5183
classed,908
control,1144
word,5713
justice,2858
warns,5593
shocking,4662
drivers,1564
service,4618
prone,4060
retracts,4388
publisher,4095
springer,4853
says,4516
supported,5019
launch,2953
publishers,4096
retracted,4387
said,4482
physicists,3809
internal,2738
provided,4081
sceptic,4532
groups,2315
publicised,4092
european,1797
nine,3505
reported,4328
uncritically,5393
australian,414
newspaper,3489
segments,4586
sky,4735
australia,413
described,1387
hub,2517
viewed,5536
youtube,5774
analysed,237
droughts,1573
productivity,4021
sources,4809
evident,1827
guardian,2326
agency,132
afp,121
misrepresented,3310
selective,4590
biased,550
cherrypicked,851
graham,2275
readfearn,4193
accident,25
hours,2509
unable,5388
cover,1198
instead,2708
restrict,4377
surveillance,5035
compendium,1027
authored,417
alimonti,183
residual,4354
lying,3115
learning,2977
lessons,2997
process,4010
sometimes,4795
avoid,429
modes,3344
bobble,597
irritating,2784
worth,5739
retrospection,4392
blame,577
casting,762
steer,4898
recognizing,4229
division,1505
pilot,3818
workload,5720
applying,303
cockpit,954
disciplined,1470
skills,4732
stack,4864
team,5110
practicing,3939
disciplines,1471
summarily,5004
desk,1397
submission,4967
alerted,172
appropriately,310
careful,750
methods,3268
glaring,2236
stable,4863
wasn,5598
actually,60
assessing,371
critiquing,1222
whatever,5656
editorial,1624
nor,3522
chose,870
admit,82
send,4596
elsewhere,1668
suitably,4998
competent,1029
termed,5139
ensuing,1734
clue,944
ahead,149
missed,3312
anybody,283
signatories,4688
declaration,1322
oism,3603
petition,3787
steroids,4904
aura,412
authority,418
fictitious,1989
miss,3311
indication,2643
motivated,3382
reasoning,4214
alienation,178
consilience,1104
functioning,2151
barreling,473
barriers,475
accepted,21
setting,4626
hearty,2421
humiliation,2524
delusion,1352
mind,3288
meanwhile,3218
starvation,4877
eagerly,1592
devoured,1422
circles,882
duly,1580
thereby,5168
smidgeon,4753
notoriety,3541
remark,4306
astoundingly,387
specialized,4827
diet,1434
dish,1483
publications,4091
literally,3048
nuggets,3554
kibble,2875
reliably,4299
everything,1824
comport,1042
seize,4587
gobble,2250
single,4707
nibble,3495
tastes,5102
failing,1931
share,4639
prominent,4055
trajectory,5297
horse,2502
barn,472
skeptics,4729
boosting,614
attracted,404
domain,1523
essentially,1777
ideally,2551
assigned,375
task,5101
belatedly,523
conducted,1068
intensive,2724
offered,3592
opportunity,3628
salvage,4487
failed,1930
occasion,3576
bruised,670
pain,3700
wasted,5600
sphere,4838
fully,2147
remedy,4309
crash,1206
crater,1208
betterment,544
agence,130
france,2113
presse,3971
stefan,4899
rahmstorf,4156
potsdam,3925
noted,3535
targeting,5098
avenue,423
field,1990
embarrassment,1672
consoled,1106
lamentably,2922
elliptically,1665
worked,5717
thank,5153
providing,4085
valuable,5493
building,675
less,2995
pratfall,3941
evolution,1828
convective,1148
aggregation,136
radiative,4150
feedbacks,1976
climates,927
yao,5755
yang,5754
gl,2231
nonlinearity,3519
postpones,3921
penalty,3759
mitigating,3322
polluted,3885
jia,2819
quaas,4124
role,4443
horizontal,2500
advection,93
dai,1266
unexpected,5411
slowdown,4743
focusing,2059
latitudes,2949
eurasia,1794
chen,850
streamflow,4932
siberia,4681
teleconnections,5119
patterns,3748
zhang,5785
hank,2362
spoke,4842
accidental,26
experiment,1867
cleaning,915
ship,4658
carried,753
titled,5235
among,228
argues,336
crucial,1230
brother,662
giant,2221
step,4901
forward,2094
combat,983
lets,3001
huge,2518
miriam,3304
check,845
zenturo,5783
escalator,1771
free,2118
republish,4339
copyright,1166
cook,1154
privacy,3997
contact,1116
vision,5548
advisory,108
board,595
supporters,5020
anonymous,267
write,5744
partner,3728
complaint,1031
menu,3248
sponsored,4844
newsletters,3487
eu,1793
uses,5476
funds,2160
romanian,4447
pipeline,3821
union,5420
taxes,5105
romania,4446
claiming,902
reduce,4247
listen,3045
masses,3185
streets,4935
weekend,5637
call,717
phaseout,3792
overshoot,3679
commission,1003
calls,721
dimming,1447
complement,1032
cuts,1258
acknowledging,44
concerns,1057
debt,1308
relief,4301
dependence,1374
exports,1891
vicious,5528
exporters,1890
heavily,2427
indebted,2630
india,2640
rebuffing,4217
rich,4412
nations,3435
win,5687
thinks,5181
jetp,2818
aren,333
islands,2788
slam,4736
endless,1707
talks,5088
landmark,2926
maritime,3169
court,1195
island,2787
asked,361
tribunal,5330
clarify,906
obligations,3567
influential,2667
courts,1197
calling,720
refugees,4269
recognise,4225
diversity,1503
movements,3388
label,2914
strike,4944
renewables,4319
stall,4869
economies,1614
push,4115
tripling,5334
capacity,741
chn,864
sponsor,4843
buildings,676
sme,4750
drives,1565
accountability,32
fishing,2032
lifeline,3020
leverage,3007
electrification,1656
sit,4713
popular,3898
wolf,5707
sheep,4650
clothing,941
shun,4680
markets,3173
mexico,3273
ruling,4468
party,3733
picks,3812
presidential,3968
run,4469
uae,5377
pitches,3823
credits,1217
leader,2964
seeks,4581
supply,5017
chain,807
population,3899
boom,611
driving,1568
philippines,3795
vulnerability,5571
southeast,4812
japan,2810
hijack,2458
tweets,5367
climatehome,926
identifying,2558
tough,5274
pragmatic,3940
hard,2371
judge,2850
displaced,1486
conflicts,1074
morocco,3378
irrigation,2783
faces,1917
indigenous,2646
suffer,4987
brunt,671
senegal,4598
african,124
passive,3738
beneficiaries,534
finance,2010
drawing,1555
wealthy,5614
senegalese,4599
civil,899
multilateral,3402
banks,462
investments,2766
undermine,5397
paris,3717
commitments,1005
money,3352
flowing,2051
animal,252
fifth,1991
anti,277
esg,1772
attack,397
silencing,4696
insurers,2713
pro,4001
decisions,1321
pressuring,3974
coalitions,949
victory,5531
petrochemicals,3789
spur,4855
plastics,3843
banner,464
sisters,4712
fought,2097
preservation,3964
cancer,736
alley,191
cap,738
plastic,3842
fulfil,2145
promise,4056
funding,2157
uphold,5449
commitment,1004
stake,4868
meeting,3231
april,313
fight,1993
coalition,948
pushing,4116
reforms,4265
confront,1075
lifetimes,3024
original,3651
informs,2676
engages,1718
inspires,2701
takes,5084
donation,1532
subscribing,4975
exclusive,1841
subscribe,4972
ltd,3106
rights,4416
reserved,4350
policyclick,3874
celebrated,785
digest,1442
straight,4924
inbox,2605
investigations,2763
bulletins,681
signup,4694
signed,4689
manage,3147
cookie,1156
consent,1089
technologies,5117
cookies,1157
store,4913
device,1420
consenting,1090
browsing,668
unique,5421
ids,2562
withdrawing,5702
adversely,95
functions,2152
functional,2149
strictly,4942
purpose,4112
enabling,1700
explicitly,1884
requested,4340
subscriber,4974
user,5473
sole,4779
carrying,755
transmission,5307
electronic,1657
preferences,3948
storing,4917
statistics,4887
exclusively,1842
statistical,4886
subpoena,4971
voluntary,5565
compliance,1036
internet,2741
provider,4082
stored,4914
retrieved,4391
marketing,3172
required,4342
profiles,4030
advertising,104
track,5283
websites,5633
options,3636
services,4620
vendors,5514
accept,19
deny,1370
npr,3551
accessibility,23
links,3041
skip,4733
keyboard,2874
shortcuts,4669
audio,409
player,3851
navigation,3442
shop,4663
expandcollapse,1856
submenu,4965
race,4144
books,609
movies,3390
art,348
design,1392
performing,3769
arts,353
kit,2888
gaming,2179
hip,2467
hop,2496
tiny,5229
songs,4798
considered,1101
sessions,4623
podcasts,3865
edition,1622
saturday,4507
sunday,5008
fresh,2126
featured,1970
rough,4457
louder,3100
riot,4421
careers,749
connect,1081
ethics,1789
coverage,1199
email,1669
rescue,4344
operations,3624
underway,5406
region,4274
daniel,1278
derna,1385
libya,3015
sept,4609
hamza,2355
ahmaranadolu,150
getty,2217
images,2576
caption,745
toggle,5243
survivors,5038
describe,1386
catastrophic,769
scenes,4530
tragic,5289
losses,3096
death,1303
families,1943
themselves,5161
libyan,3016
doctor,1511
tells,5125
souls,4804
crushed,1232
snyder,4763
marshal,3176
sierra,4684
madre,3125
calif,715
allied,193
company,1021
hardens,2372
homes,2489
strategy,4929
ember,1676
blocking,586
mesh,3251
liz,3061
bakernpr,453
preparing,3955
leaps,2973
panicked,3711
responsibility,4370
powering,3932
nascent,3431
embed,1674
iframe,2565
src,4859
www,5751
orgplayerembed,3650
width,5677
height,2430
frameborder,2109
scrolling,4554
embedded,1675
walks,5579
saint,4483
mark,3170
square,4857
nov,3542
venice,5516
marco,3165
secchigetty,4564
listed,3044
endangered,1704
unesco,5410
body,599
designates,1394
protects,4075
heritage,2446
monitor,3354
famed,1941
tourism,5276
exxon,1909
documents,1515
obtained,3573
wall,5580
street,4934
rex,4408
tillerson,5215
chief,853
brian,647
harkingetty,2375
minimized,3295
internally,2739
conceding,1047
executives,1846
privately,3999
cut,1257
rubble,4465
flash,2038
damaged,1270
red,4241
crescent,1218
killed,2879
abdullah,3
domaafp,1522
toll,5246
soars,4766
mediterranean,3229
washed,5596
neighborhoods,3462
muhammad,3400
elalwanyap,1649
exacerbates,1831
happened,2365
greece,2298
brazil,636
underscore,5399
danger,1276
threatened,5195
san,4493
francisco,2114
ferry,1984
pictured,3814
anthony,276
jacobsap,2803
mobile,3328
considers,1103
lifting,3025
feet,1981
beacon,496
incoming,2617
riders,4414
waterfront,5606
transcript,5299
combination,985
satellite,4503
photos,3803
eyepress,1911
newseyepress,3484
reuters,4395
dead,1298
dams,1273
broke,659
submerged,4966
whole,5669
complicated,1037
divided,1504
governments,2269
filippo,2002
monteforteafp,3360
raising,4164
cultural,1239
monday,3351
middle,3279
spiraling,4839
feared,1965
swept,5055
unleashing,5426
muddy,3399
restrengthen,4375
associationscreenshot,383
forecast,2075
surf,5026
restrengthening,4376
northwest,3528
clouds,943
surround,5034
downtown,1548
phoenix,3797
sunset,5011
matt,3194
yorkap,5765
sight,4685
harbor,2370
airport,162
arizona,342
furlonggetty,2161
outlook,3670
fish,2031
wildlife,5683
species,4829
gotten,2262
protection,4074
deer,1335
avoided,431
extinction,1904
ryan,4475
kellmannpr,2868
act,47
turns,5360
receive,4221
buy,702
house,2510
lease,2978
belongings,530
rules,4467
aim,152
address,75
strengthening,4938
sellers,4593
landlords,2925
disclose,1473
kaitlin,2861
brito,654
recess,4224
kids,2876
start,4874
scrambling,4550
cool,1160
attendees,401
double,1536
rainbow,4160
desert,1391
turned,5358
man,3146
festival,1986
nevada,3476
rock,4441
mud,3398
pit,3822
julie,2854
jammotafp,2807
activists,54
protested,4077
crashed,1207
burners,691
forced,2072
endure,1711
bailed,450
bursts,695
showers,4675
commuters,1018
smoggy,4755
road,4436
lahore,2919
smog,4754
worse,5736
arif,340
aliafp,176
quality,4125
association,381
pumpjack,4102
permian,3774
west,5647
texas,5145
joe,2826
raedlegetty,4155
removal,4313
wins,5696
machines,3122
sucking,4983
sounds,4806
fiction,1988
becoming,504
undated,5394
file,1999
photo,3800
caribou,752
porcupine,3902
herd,2443
migrate,3282
refuge,4268
northeast,3526
alaska,167
ap,288
biden,552
anwr,280
sparking,4821
criticism,1221
willow,5686
dozens,1549
ongoing,3614
administration,81
hoping,2498
ending,1706
leases,2979
salt,4485
runoff,4471
elevation,1659
kirk,2887
sieglernpr,4683
sue,4986
drying,1576
filed,2000
suit,4996
utah,5488
prevent,3979
namesake,3425
police,3871
officers,3596
wade,5573
cyclone,1262
passo,3739
fundo,2158
rio,4420
grande,2277
sul,5001
diogo,1448
zanattafutura,5780
pressap,3970
latin,2946
southern,4813
brazilian,637
neighboring,3463
catarina,767
reeling,4256
safeguard,4477
coral,1167
restore,4374
reefs,4255
donald,1529
mirallegetty,3303
freeze,2122
suffering,4990
preserve,3965
freezing,2123
reviving,4404
someday,4792
cools,1162
temporary,5131
misting,3318
station,4883
deployed,1378
eastside,1604
vancouver,5497
british,653
columbia,981
darryl,1279
dyckap,1587
hottest,2507
load,3066
stories,4916
browse,666
archive,326
org,3642
editor,1623
corrections,1174
overview,3681
finances,2012
messagebecome,3254
简体中文englishfrançaisрусскийespañol,5809
mandate,3152
private,3998
engagement,1717
ppe,3936
ocp,3584
innovation,2688
webinar,5628
borne,618
precipitation,3944
application,298
hmei,2475
seminar,4594
microsoft,3277
programmes,4037
projects,4052
bulletin,680
meteoworld,3264
library,3013
gender,2193
equality,1759
training,5294
standards,4871
recommended,4231
centre,798
language,2931
coronavirus,1171
covid,1203
strategic,4927
planning,3837
members,3242
governance,2266
secretariat,4567
awards,434
procurement,4014
faqs,1949
platform,3845
reform,4264
release,4291
multimedia,3403
fqiwwgaaktb,2105
jpeg,2846
warnings,5592
unified,5419
date,1289
tragedy,5288
cascading,758
consequences,1092
fragile,2106
embrace,1677
thumbnail_photo,5204
turkey,5355
bulgaria,679
thumbnails,5205
jpg,2847
window,5689
closing,940
meet,3230
agreement,144
unfccc,5413
celeste_saulo_sg_,788
png,3862
honors,2495
celeste,787
saulo,4509
meteorology,3263
elect,1650
honorary,2494
member,3241
ams,234
award,433
recognizes,4228
outstanding,3674
individuals,2649
_e_k,1
assess,369
programme,4036
observed,3571
discover,1476
bookstore,610
visit,5549
youth,5773
corner,1170
partnerships,3731
fraud,2117
corruption,1178
abuse,13
disclaimer,1472
sitemap,4715
nyc,3561
showcasing,4674
amazing,218
concretezero,1064
concrete,1063
ep,1755
committed,1006
improving,2602
ev,1806
duty,1584
electric,1654
unlocking,5429
trucking,5340
vehicles,5513
routezero,4460
speeding,4834
cop,1165
steelzero,4895
steel,4894
drive,1561
goal,2248
prosperity,4070
highest,2454
networks,3473
businesses,699
greatest,2296
holding,2481
organisations,3644
accountable,33
turning,5359
jsw,2848
ikea,2569
flipkart,2043
trucks,5341
initiative,2681
urge,5455
aligned,179
nd,3446
tackle,5077
initiatives,2682
else,1667
teams,5111
trustees,5345
contacts,1118
membership,3243
linkedin,3040
registration,4279
charity,838
reg,4270
inc,2606
ein,1647
slavery,4738
statement,4880
leadership,2966
donate,1530
million,3284
true,5342
hidden,2450
modal,3333
train,5292
mobilize,3331
accelerate,15
begins,513
heal,2409
reducing,4250
opposing,3629
infrastructure,2677
greenwashing,2303
exposing,1895
countering,1187
truth,5347
financing,2015
mobilizing,3332
thriving,5200
fighting,1994
gore,2260
corps,1173
attending,402
vice,5527
president,3967
ajay,164
banga,458
pledge,3855
legislation,2990
winning,5695
susquehanna,5043
valley,5492
minnesota,3299
nw,3560
suite,4999
dc,1296
updates,5448
grants,2284
branches,634
moment,3349
webinars,5629
campus,730
wwf,5750
nav,3440
adopt,83
submit,4969
button,701
someone,4793
name,3422
renew,4317
conservation,1094
respond,4366
ad,63
adoptions,85
apparel,291
gifts,2223
dropdown,1570
sustain,5044
benefit,535
collaborating,963
partners,3729
fundraise,2159
give,2226
ecards,1609
educational,1627
leave,2981
gift,2222
travel,5316
magazine,3126
newsroom,3490
financials,2014
resilient,4356
predicted,3945
freshwater,2129
supplies,5016
shrinking,4679
dropping,1571
forests,2080
acidic,43
insurance,2712
premiums,3950
reduces,4249
cattle,773
pollen,3882
dust,1583
aggravates,135
asthma,386
allergies,189
adults,88
consequential,1093
healthier,2412
consume,1113
prepare,3952
everyone,1823
voices,5560
jobs,2824
stronger,4949
redesigning,4244
roads,4438
airports,163
railroads,4157
delivering,1350
curb,1248
inevitable,2661
tweet,5366
strange,4925
witnessed,5705
confronting,1076
wild,5680
altering,213
timing,5226
cycles,1261
cases,760
ensuring,1737
responses,4369
wellbeing,5643
habitat,2348
depend,1373
imposes,2595
burdens,685
nearest,3449
floodplains,2048
demanding,1354
spurring,4856
economic,1611
growth,2323
begin,511
fair,1935
supports,5023
environmentally,1745
recovery,4237
reconstruction,4233
destabilizing,1400
displacing,1487
threatening,5196
signaled,4687
intention,2725
withdraw,5701
pact,3696
urgent,5457
collaborative,966
taxpayers,5106
paying,3752
price,3982
crop,1224
failures,1934
investing,2764
locking,3080
cheaper,844
prices,3983
shortages,4668
combine,986
ecosystems,1617
coffee,956
drink,1559
shirts,4661
wear,5620
footprint,2069
everyday,1822
items,2797
choose,869
wisely,5699
purchase,4107
products,4022
sustenance,5049
livelihood,3057
occurring,3579
bleaching,582
shelled,4654
organisms,3645
crustaceans,1233
fundamental,2154
artic,349
foundation,2099
disappear,1466
conserve,1096
protecting,4073
enhancing,1726
ecosystem,1616
adequately,80
urgently,5458
voice,5559
outreach,3672
usa,5462
believes,528
grows,2322
ambitious,221
cheap,843
innovative,2690
strategies,4928
momentum,3350
targets,5099
urging,5459
purchasing,4108
integrate,2714
considerations,1100
traits,5296
alongside,208
federal,1973
developing,1418
implementing,2588
gcf,2190
facility,1920
gef,2192
remained,4304
transform,5300
dramatically,1553
approaches,307
incorporated,2621
plans,3838
latino,2947
awareness,436
curbing,1249
aviation,427
deforestation,1343
combating,984
naturally,3438
trapping,5314
managed,3148
responsibly,4372
quantities,4132
degradation,1344
saves,4512
fights,1995
redd,4242
incentives,2607
implement,2587
properly,4063
designated,1393
protected,4072
illegal,2571
logging,3082
agreements,145
scenarios,4527
stocktake,4909
dialogue,1427
synthesis,5063
anniversary,259
inflation,2663
senate,4595
ratification,4181
kigali,2878
amendment,223
rtc,4463
institutions,2710
facilities,1919
biogenic,565
calculator,712
harvested,2385
wood,5710
quantis,4129
intl,2748
developed,1416
friendly,2131
calculate,709
ghg,2219
inventories,2759
sourcing,4810
beta,542
forthcoming,2091
protocol,4078
guidance,2330
futures,2165
prioritizing,3995
fy,2167
budget,672
seaweed,4563
workshop,5725
nikhil,3503
advani,92
director,1461
shaun,4647
martin,3178
deputy,1382
bartlett,476
anita,257
van,5496
breda,644
senior,4600
marty,3179
spitzer,4840
christa,871
metrics,3272
rebecca,4216
shaw,4648
david,1292
kuhn,2907
corporate,1172
tim,5216
juliani,2853
riley,4419
brent,645
loken,3084
cihang,880
yuan,5775
officer,3595
holler,2484
cheryl,852
margoluis,3166
alliance,192
lucas,3107
marcene,3163
mitchell,3320
speak,4823
symbolic,5060
log,3081
en,1697
español,1774
estate,1781
offices,3597
rss,4462
feeds,1977
exempt,1847
charitable,837
id,2547
revenue,4397
code,955
donations,1533
deductible,1331
allowed,201
policyyour,3878
disclosures,1474
panda,3707
symbol,5059
owned,3683
vital,5553
signs,4693
nasa,3430
humankind,2521
instrument,2711
mapper,3157
pinpoint,3819
measure,3219
detector,1408
closer,939
goddard,2251
giss,2225
announces,262
stranger,4926
humid,2523
adaptability,66
feel,1978
differences,1436
clocks,934
unequivocal,5409
principal,3988
irreversible,2782
timescale,5223
alive,184
worsen,5737
solve,4788
robust,4440
answered,270
quizzes,4142
glacier,2233
extensive,1901
collection,971
weathercasters,5622
speakers,4825
viewer,5537
animated,256
illustrating,2573
topics,5262
machine,3121
graphics,2289
creciente,1215
biblioteca,551
de,1297
recursos,4239
student,4956
educator,1628
webquests,5631
connected,1083
facts,1927
faq,1948
mitigation,3323
interactives,2728
beautiful,499
gallery,2176
directorate,1462
missions,3317
observatory,3570
toolkit,5257
jet,2817
propulsion,4067
laboratory,2916
owner,3684
anya,282
biferno,553
holly,2485
shaftel,4633
managing,3151
susan,5039
callery,719
producer,4017
randal,4167
jackson,2802
bailey,451
gov,2263
nation,3433
blogs,589
beyond,546
enso,1733
case,759
dashboard,1281
tech,5112
toolbox,5255
el,1648
niño,3511
la,2912
niña,3510
tracker,5284
primer,3987
snapshots,4759
dataset,1287
teaching,5109
curricula,1252
demos,1360
experiments,1868
visualization,5551
weblyzard,5630
convo,1153
stick,4906
hear,2417
directly,1460
pacific,3691
historically,2471
influenced,2665
floodier,2046
horizon,2499
hilary,2459
tracking,5285
variability,5500
indicator,2644
mountain,3384
sunlight,5010
indicators,2645
sections,4570
presentation,3960
explorer,1886
map,3156
graph,2287
literacy,3047
concepts,1052
guides,2337
dive,1500
catalog,764
locate,3073
grab,2271
curriculum,1253
professional,4026
informal,2670
incorporate,2620
sister,4711
repository,4333
geared,2191
interactive,2727
commerce,1001
foia,2060
fear,1964
documentation,1513
focal,2055
points,3869
portal,3904
bureau,686
languages,2932
عربي,5799
简体中文,5808
français,2116
русский,5796
calendar,714
special,4826
methodology,3267
lived,3056
forcers,2073
refinement,4261
guidelines,2334
cryosphere,1234
sixth,4722
ar,318
chairs,809
tsu,5351
staff,4865
tfi,5148
tfb,5147
wraps,5743
elections,1653
nairobi,3421
completed,1034
session,4622
elected,1651
comprising,1045
chair,808
elects,1658
jim,2821
skea,4726
kingdom,2884
forty,2093
geneva,2199
electing,1652
force,2071
held,2433
kenya,2869
liveable,3055
interlaken,2735
switzerland,5058
multiple,3404
feasible,1968
prepares,3954
socio,4773
produces,4018
preparation,3951
finalizing,2008
consists,1105
contributions,1142
finalized,2007
october,3586
tar,5096
sar,4498
adaptations,68
analyses,238
dimensions,1446
holds,2482
meetings,3232
representatives,4335
convening,1149
plenary,3856
approve,311
outlines,3669
meets,3233
organizes,3649
scoping,4545
workshops,5726
various,5505
publishes,4097
proceedings,4009
communicate,1010
organized,3648
hosted,2503
conferences,1070
grid,2307
opening,3622
fifty,1992
ninth,3506
bonn,607
sb,4517
sbsta,4518
subsequent,4978
assessments,374
tg,5149
policymakers,3877
determines,1411
identifies,2556
drafted,1551
stages,4867
guaranteeing,2325
objectivity,3566
transparency,5309
conduct,1067
neutral,3474
prescriptive,3958
negotiations,3461
assembly,367
endorsed,1708
unep,5407
jointly,2830
establishing,1780
engage,1715
prepared,3953
each,1591
aspect,363
objective,3565
refine,4260
calculation,710
removals,4315
selecting,4589
units,5423
wgi,5653
aims,154
wgii,5654
assesses,370
wg,5652
preventing,3980
oversee,3678
participate,3720
speeches,4832
hoesung,2478
delivery,1351
minister,3297
soipan,4777
tuya,5363
ms,3395
inger,2679
andersen,243
mr,3394
distinguished,1494
poverty,3927
streaming,4933
racism,4148
charter,840
scorecard,4547
integrity,2716
presidency,3966
inspection,2699
grievance,2308
redress,4245
independent,2633
advisor,106
ombudsman,3607
procedures,4008
boards,596
governors,2270
directors,1463
array,345
assistance,378
programs,4038
priorities,3994
capital,742
ida,2548
directory,1464
treasury,5321
afghanistan,120
albania,168
shqip,4678
algeria,175
angola,250
português,3910
antigua,278
barbuda,469
argentina,334
armenia,343
austria,415
azerbaijan,441
bahrain,449
bangladesh,460
belarus,521
belgium,524
belize,529
benin,537
bolivia,603
bosnia,620
herzegovina,2447
botswana,624
български,5793
burkina,688
faso,1956
burundi,696
cabo,707
verde,5521
cambodia,723
republic,4336
chad,806
chile,858
中文,5806
colombia,976
comoros,1019
democratic,1356
congo,1078
costa,1180
rica,4410
cote,1182
ivoire,2801
croatia,1223
czech,1264
denmark,1368
djibouti,1508
dominica,1526
dominican,1527
ecuador,1618
egypt,1644
salvador,4486
equatorial,1761
guinea,2339
eritrea,1766
estonia,1785
ethiopia,1790
fiji,1998
finland,2024
gabon,2170
gambia,2177
georgia,2208
germany,2213
ghana,2218
grenada,2304
guatemala,2327
bissau,572
guyana,2346
haiti,2350
honduras,2490
hungary,2527
iceland,2543
hindi,2463
indonesia,2650
bahasa,448
iran,2779
iraq,2780
israel,2791
jamaica,2806
日本語,5807
jordan,2832
kazakhstan,2864
kiribati,2886
korea,2899
kosovo,2901
kuwait,2910
kyrgyz,2911
lao,2934
pdr,3755
latvia,2951
lebanon,2983
lesotho,2994
liberia,3012
lithuania,3050
luxembourg,3114
fyr,2168
macedonia,3120
македонски,5794
madagascar,3123
malawi,3141
malaysia,3143
maldives,3144
mali,3145
marshall,3177
mauritania,3206
mauritius,3207
fs,2140
micronesia,3275
moldova,3348
română,4449
mongolia,3353
монгол,5795
montenegro,3361
mozambique,3392
myanmar,3418
namibia,3426
nepal,3467
netherlands,3471
nicaragua,3496
niger,3500
nigeria,3501
norway,3530
oman,3606
palau,3705
panama,3706
papua,3714
paraguay,3715
peru,3784
poland,3870
polski,3892
portugal,3909
qatar,4123
russia,4473
samoa,4489
sao,4497
tome,5247
principe,3990
serbia,4611
seychelles,4632
leone,2993
singapore,4706
slovak,4740
slovenia,4741
solomon,4782
somalia,4790
south,4811
sudan,4984
spain,4818
sri,4860
lanka,2933
kitts,2890
nevis,3479
lucia,3108
vincent,5542
grenadines,2305
suriname,5030
swaziland,5052
sweden,5053
syria,5065
tajikistan,5081
tanzania,5093
thailand,5151
ภาษาไทย,5804
timor,5227
leste,2999
togo,5244
tonga,5249
trinidad,5332
tobago,5239
tunisia,5353
türkçe,5376
turkmenistan,5356
tuvalu,5362
uganda,5381
ukraine,5383
yкраїнський,5778
arab,319
emirates,1682
uruguay,5460
uzbekistan,5491
vanuatu,5499
venezuela,5515
vietnam,5534
tiẽng,5236
việt,5554
gaza,2189
yemen,5758
zambia,5779
zimbabwe,5787
searches,4558
caribbean,751
income,2616
council,1186
poorest,3895
ensure,1735
sees,4585
fragility,2107
conflict,1073
violence,5544
seekers,4579
internships,2742
foundations,2101
clients,921
consultations,1112
parliamentarians,3718
investors,2767
bonds,605
investment,2765
learners,2976
speaker,4824
inquiries,2693
english,1722
inequality,2659
defining,1340
funder,2156
intend,2719
alignment,180
axel,439
trotsenburg,5337
climateactionwbg,924
kt,2904
urban,5454
mobility,3329
financed,2011
transportation,5311
district,1496
addressed,76
posed,3912
corridors,1176
hydraulic,2534
landslides,2929
pricing,3984
groundswell,2313
acting,48
designing,1396
lifelines,3021
jennifer,2815
sara,4499
stéphane,4963
hallegatte,2352
adviser,105
depth,1381
ccdrs,782
core,1168
diagnostic,1425
innovations,2689
lives,3058
explainer,1881
insights,2697
inclusive,2615
pandemics,3708
minimize,3294
cplc,1204
ifc,2564
invests,2768
biz,575
podcast,3864
hosts,2504
shari,4642
friedman,2130
esohe,1773
denise,1367
odaro,3587
connectclimate,1082
creative,1213
amplifying,233
generating,2196
film,2005
fashion,1955
sports,4846
cif,878
focused,2057
stock,4908
enhancement,1724
biocarbon,562
landscapes,2928
smarter,4748
users,5475
navigate,3441
ferzina,1985
banaji,456
fbanaji,1962
worldbankgroup,5728
notice,3537
scam,4523
alerts,173
ibrd,2539
miga,3280
icsid,2546
optimize,3634
functionality,2150
placed,3825
browser,667
contentnewsletterssubscribemenuclimate,1121
changemagazineseven,823
changeseven,826
changeexplorehurricanes,822
escalating,1770
environmenthurricanes,1747
readsummer,4201
suddenly,4985
environmentsummer,1749
readthis,4202
comeenvironmentthis,992
comethis,995
comereadwhat,993
sound,4805
gunshots,2344
environmentwhat,1751
readload,4197
morelearn,3372
causescarbon,777
environmentcarbon,1746
readmethane,4199
explainedenvironmentmethane,1876
explainedmethane,1877
explainedreadaerosols,1879
explainedenvironmentaerosols,1875
explainedaerosols,1874
explainedreadinequality,1880
decreasing,1329
slowing,4744
progressenvironmentinequality,4042
progressforecasts,4043
painted,3702
storyknowledge,4921
powerpreviousmagazinethe,3933
blob,585
cooked,1155
pacificsee,3694
photosclimate,3804
educatorsread,1630
moremagazinewhat,3374
meltedread,3237
reasons,4215
reversal,4398
derail,1383
progressreadthe,4046
timereadmagazinethe,5220
timereadnext,5221
furtheranimalsmeet,2163
dog,1518
turtle,5361
nests,3469
rateanimalsmeet,4177
ratewatch,4179
orcas,3639
weaponanimalswatch,5616
weaponanother,5617
spotless,4848
giraffe,2224
animalsanother,254
humpbacks,2525
intervene,2746
seal,4556
antarcticaanimalswatch,274
antarcticanoticing,275
cicadas,877
reasonanimalsnoticing,4212
reasoncan,4213
white,5667
sharks,4644
friends,2132
animalscan,255
volunteers,5568
pulled,4099
cave,779
rescues,4345
everenvironmenthow,1818
everstep,1819
inside,2695
workplaces,5722
globepaid,2244
advertiserstep,102
globesummer,2245
comewhat,996
farm,1951
environmentthere,1750
fruits,2137
veggies,5511
maximum,3208
freshnessenvironmenthow,2127
freshnesswhy,2128
mangroves,3153
changeenvironmentperpetual,821
planetwhy,3835
changedeath,820
mushrooms,3413
spreadingenvironmentdeath,4850
spreadingwhat,4851
tennis,5135
balls,455
nuclear,3552
wastewater,5602
pacificenvironmentjapan,3692
pacifichistory,3693
culturewho,1245
tarim,5100
mummies,3407
surprised,5033
osage,3654
murdershistory,3409
culturethe,1242
murdersthis,3410
crumbling,1231
wipe,5698
treasureshistory,5319
culturethis,1243
treasureswhat,5320
cursive,1254
writing,5745
culturewhat,1244
heads,2407
baptist,466
culturewhy,1246
revolutionized,4406
archaeologyhistory,324
culturehow,1241
archaeologysciencein,325
hunt,2528
alien,177
suspectsciencein,5042
suspectdid,5041
forget,2082
refresher,4266
sciencecoronavirus,4539
coveragedid,1200
stars,4873
looked,3089
bornsciencethis,619
bornare,617
drinking,1560
hydrating,2533
scienceare,4538
telescopescienceproofinside,5122
telescopenasa,5121
webb,5626
telescope,5120
rewriting,4407
timesciencenasa,5224
timetravelit,5225
leaf,2969
peeping,3757
crowds,1229
scenic,4531
drivestraveladventures,1567
everywhereit,1825
drivesexplore,1566
zealand,5782
newest,3481
trailtravelexplore,5290
trailyour,5291
autumn,421
camping,729
guidepaid,2336
advertiseryour,103
guideshould,2338
travelshould,5318
zurich,5791
progressive,4044
scenepaid,4529
advertiserdiscover,101
scenehow,4528
wine,5691
tasting,5103
tour,5275
champagnetravelhow,815
champagnesubscriber,814
contentpreviousmagazinewhy,1123
dang,1275
obsessed,3572
mars,3175
readmagazinehow,4198
viruses,5545
shape,4636
worldreadanimalsthe,5730
greyhound,2306
racing,4147
endreadmagazinesee,1709
imagined,2578
historyreadmagazinesee,2473
rover,4461
planetexploremagazinewhy,3832
planetexplorenext,3833
morelegalterms,3373
rightschildren,4417
policyinterest,3876
adsabout,86
nielsen,3499
measurementdo,3222
sell,4592
informationour,2673
sitesnat,4717
geo,2201
homeattend,2488
eventbook,1813
tripbuy,5333
mapsinspire,3160
kidsshop,2877
nat,3432
geovisit,2211
museumwatch,3412
tvlearn,5365
impactsupport,2586
missionmastheadpress,3316
roomadvertise,4452
usjoin,5480
ussubscribecustomer,5484
servicerenew,4619
subscriptionmanage,4976
subscriptionwork,4977
geosign,2209
newsletterscontribute,3488
planetfollow,3834
usnational,5481
geographic,2203
facebooknational,1915
societycopyright,4772
llc,3064
concerned,1055
utility,5490
accomplishments,29
regional,4275
racial,4146
transforming,5301
war,5584
democracy,1355
memberships,3244
honor,2493
memory,3246
humanity,2520
faced,1916
clock,933
running,4470
ceos,802
letter,3002
solution,4783
ability,4
congress,1079
invest,2761
cleaner,914
cars,756
older,3605
gasoline,2184
diesel,1433
exposes,1894
outdated,3662
broken,660
inheritance,2680
unless,5427
heirs,2432
resolved,4357
lose,3094
weapons,5618
ucs,5380
closely,938
putin,4118
invasion,2756
missile,3313
compensation,1028
victims,5530
invisible,2769
inequitable,2660
ethylene,1791
oxide,3685
unrecognized,5433
strengthen,4936
agencies,131
jason,2811
reedreuters,4254
table,5074
contents,1124
incredible,2629
burnt,694
acts,58
blanket,580
becomes,503
nothing,3536
swaths,5051
almost,205
hardest,2374
suggests,4995
ºc,5792
sooner,4800
solving,4789
signing,4692
emails,1670
opt,3630
studied,4958
denied,1365
profiting,4031
mess,3253
fix,2034
improvements,2601
efficient,1641
appliances,297
easiest,1600
able,6
panels,3710
pay,3751
flying,2054
afford,119
switching,5057
hybrid,2532
eat,1607
meat,3225
beef,506
accounts,35
percent,3766
digestive,1443
officials,3599
vote,5569
serious,4615
hands,2360
truths,5348
head,2402
katharine,2863
hayhoe,2394
pressing,3972
defend,1336
decisionmakers,1320
juan,2849
declet,1324
barreto,474
sandra,4495
sattler,4505
modeler,3335
chitra,862
kumar,2908
jonathan,2831
schmerpexels,4533
rule,4466
passes,3736
helped,2435
ca,705
requiring,4343
fleets,2040
commercial,1002
vans,5498
buses,697
jess,2816
ucla,5379
neighbors,3464
harming,2378
mcnamara,3212
darya,1280
minovi,3300
truck,5339
tailpipe,5080
activist,53
litigation,3051
trainings,5295
discussions,1479
intersection,2744
unsubscribe,5436
recurring,4238
messages,3255
reply,4326
cancel,734
msg,3396
footer,2067
brattle,635
ma,3119
profits,4032
soar,4765
continuing,1132
planned,3836
climateworks,929
intelligence,2717
collaborations,964
grantmaking,2283
spacer,4817
diplomacy,1450
shipping,4659
grantee,2279
inclusion,2614
foundationfor,2100
philanthropy,3794
innovate,2687
envision,1752
materializing,3191
stepped,4902
despite,1399
formidable,2088
headwinds,2408
wor,5712
marks,3174
ira,2778
boldest,602
reduc,4246
oct,3585
labor,2915
climat,922
cultivation,1238
emerged,1679
removing,4316
enhances,1725
aviationcarbon,428
removalcoolingfinancefood,4314
agricultureforests,148
useglobal,5471
intelligencegovernance,2718
diplomacyigstindustryjustice,1451
equitymaritime,1763
shippingpowerroad,4660
gathers,2187
sectors,4572
ga,2169
grantmakers,2282
curve,1255
programswith,4040
diversified,1502
portfolio,3906
amplify,232
advance,89
servicesinformed,4621
evolve,1829
execute,1844
grassroots,2290
billionour,558
enables,1699
effectively,1635
philanthropic,3793
granted,2278
granteesour,2280
grantsour,2285
capabilities,739
grantmaker,2281
whistleblower,5666
vs,5570
basics,483
biomass,568
bio,561
incompatible,2618
trending,5326
ultimate,5385
debra,1307
quick,4137
silicon,4697
diy,1506
steps,4903
subscribeplease,4973
javascript,2812
complete,1033
firstlastemail,2030
renewble,4320
quickleave,4138
alligator,195
clips,932
charge,834
controller,1145
harvests,2386
charges,836
stores,4915
regulates,4283
overcharging,3677
connecting,1084
terminals,5140
totally,5272
accessible,24
harnesses,2381
greatly,2297
contribute,1138
rely,4302
solely,4780
significantly,4691
fired,2026
construction,1110
capable,740
manufacturing,3154
anode,265
annually,264
commonly,1008
headquarters,2406
woodinville,5711
serve,4616
factories,1924
density,1369
wonder,5709
saved,4511
gadgets,2171
devices,1421
limited,3032
portable,3903
photovoltaic,3805
introduced,2751
brainer,633
wastes,5601
ash,356
industries,2656
radioactive,4152
waste,5599
volume,5564
trash,5315
infrastructures,2678
harness,2380
sizes,4725
personalized,3779
rooftop,4450
installations,2702
mills,3286
truly,5343
structures,4953
altered,212
filled,2003
mainly,3133
contributed,1139
unpredictable,5431
transportations,5312
lockdowns,3079
unfortunate,5414
medical,3228
residential,4352
nitrous,3509
staying,4892
basing,486
etymology,1792
refers,4259
bioenergy,564
airnow,160
location,3074
tab,5073
courtesy,1196
retrieve,4390
providers,4083
bar,467
announcements,261
aqi,315
ozone,3689
calculators,713
disease,1480
professionals,4027
advisories,107
embassies,1673
consulates,1111
airdata,158
aircompare,157
developersapi,1417
app,290
flag,2035
enviroflash,1741
sensors,4604
web,5624
cams,731
custom,1256
widgets,5676
popup,3901
arrow,346
pointing,3868
govalert,2264
govannouncement,2265
pm,3860
monitors,3357
lāhainā,3118
epa,1756
monitoring,3355
fine,2021
particles,3722
clicking,920
magnifying,3128
glass,2238
typing,5375
lahaina,2918
hi,2449
tap,5094
icon,2544
legend,2989
unhealthy,5416
sensitive,4603
usg,5478
hazardous,2396
loading,3068
div,1499
tippy,5231
holder,2480
onmousedown,3617
document,1512
activeelement,52
visibility,5546
fa,1912
position,3914
absolute,9
px,4122
nbsp,3445
info,2668
aq,314
band,457
padding,3697
href,2513
aqiaqi,317
basicsusing,484
nowcast,3546
_blank,0
whichever,5663
processing,4013
dial,1426
archived,327
dates,1290
webcams,5627
notifications,3539
indexplease,2638
wait,5574
dataworld,1288
scalegoodmoderateunhealthyfor,4520
groupsunhealthyveryunhealthyhazardous,2318
projectwaqi,4053
stations,4885
advertisementshare,99
advertisementair,97
rankings,4171
advertisementlatest,98
sharing,4643
projecthow,4050
applicationto,300
flags,2036
goodunhealthyfor,2258
groupsveryunhealthymoderateunhealthyhazardousair,2319
calculationthe,711
measurement,3221
particulate,3724
nitrogen,3508
monoxide,3359
exceptions,1839
hourly,2508
readings,4196
instance,2703
am,217
linkswant,3042
yourself,5772
purifier,4110
programatic,4035
api,289
gaia,2172
laser,2939
pollutants,3884
wifi,5678
usb,5464
instantaneously,2706
mapsget,3159
scalethe,4521
indexing,2637
standard,4870
instant,2704
cast,761
formula,2090
aqiair,316
levelhealth,3005
implicationscautionary,2590
goodair,2257
satisfactory,4504
risknone,4428
moderateair,3339
concern,1054
children,856
respiratory,4365
prolonged,4054
outdoor,3663
exertion,1849
groupsmembers,2317
unhealthyeveryone,5417
effectsactive,1638
unhealthyhealth,5418
emergency,1680
hazardoushealth,2397
alert,171
effectseveryone,1639
exertioncreditsall,1850
worlwide,5735
enviromental,1742
translationsenglishafrikaansafrikaansአማርኛamharicالعربيةarabicঅসম,5306
assameseazərbaycanazerbaijaniбеларускаяbelarusianбългарскиbulgarianব,366
banglabosanskibosniancatalàcatalančeštinaczechcymraegwelshdanskdanishdeutschgermanελληνικάgreekesperantoesperantoespañolspanisheestiestonianeuskarabasqueفارسیpersiansuomifinnishfilipinofilipinofrançaisfrenchgaeilgeirishgalegogalicianગ,459
જર,5800
gujaratihausahausaעבריתhebrewह,2341
hindihrvatskicroatianmagyarhungarianհայերենarmenianindonesiaindonesianíslenskaicelandicitalianoitalian日本語japanesejawajavaneseქართულიgeorgianқазақ,2464
тіліkazakhខ,5797
រkhmerಕನ,5805
ನಡkannada한국어koreanкыргызчаkyrgyzlëtzebuergeschluxembourgishລາວlaolietuviųlithuanianlatviešulatvianmalagasymalagasyмакедонскиmacedonianമലയ,5802
malayalamмонголmongolianमर,3142
marathimelayumalaymaltimalteseမ,3161
burmesenorsknorwegianन,689
nepalinederlandsdutchଓଡ,3468
ଆodiaਪ,5801
punjabipolskipolishپښتوpashtoportugueseportugueseromânăromanianрусскийrussianسنڌيsindhiස,4106
හලsinhalaslovenčinaslovakslovenščinasloveniansoomaalisomalishqipalbanianсрпскиserbiansvenskaswedishkiswahiliswahiliதம,5803
tamilత,5090
teluguтоҷикӣtajikไทยthaitürkçeturkishукраїнськаukrainianاردوurduo,5127
zbekuzbektiếng,5781
việtvietnameseיי,5555
דישyiddish简体中文chinese,5798
simplified,4703
繁體中文chinese,5810
traditional,5286
advertisementusage,100
noticeall,3538
unvalidated,5442
assurance,385
amended,222
exercised,1848
skill,4731
compiling,1030
agents,134
liable,3010
contract,1134
tort,5270
otherwise,3657
injury,2684
arising,341
indirectly,2647
leaflet,2970
product,4019
geolite,2204
maxmind,3209
com,982
geolocation,2205
locationiq,3075
icons,2545
freepik,2121
flaticon,2039
licensed,3017
cc,781
webapp,5625
hydrogen,2536
sustainably,5047
catch,770
chemicals,847
bill,556
nye,3562
guy,2345
fastest,1959
soil,4776
slashing,4737
amazon,219
guided,2332
economics,1613
forge,2081
champion,816
reimagining,4284
stabilize,4862
thrive,5199
yours,5771
tribute,5331
inspired,2700
insight,2696
flight,2042
headlines,2405
commentary,999
explainers,1882
breathe,641
pinpointing,3820
polluters,3886
priorityhealthy,3996
unequal,5408
burden,684
path,3742
edf,1621
launches,2954
reversing,4399
female,1983
scoops,4544
ride,4413
undertake,5404
files,2001
bipartisan,570
orphan,3653
boost,612
ranging,4169
perspectives,3782
sarah,4500
vogel,5558
ramon,4166
associate,379
julia,2852
gohlke,2252
xinhao,5752
huang,2516
manager,3150
aileen,151
nowlan,3547
sergio,4612
sánchez,5071
effort,1642
georges,2207
sharyn,4646
stein,4900
match,3189
donating,1531
doubles,1538
allies,194
tips,5232
petitions,3788
tiktok,5214
identification,2554
operates,3623
honest,2491
confidential,1072
pollutionskip,3891
contentskip,1125
navigationskip,3443
footeran,2068
addresses,77
europa,1795
bodiesenvironmental,598
systemsbiodiversity,5069
europeclimate,1798
platformcopernicus,3846
situ,4718
componenteuropean,1040
portalforest,3905
europeinformation,1802
chemical,846
monitoringmarine,3356
europefresh,1801
europetopicsanalysis,1805
datacountriesnewsroomabout,1284
ustopicsin,5486
topicsair,5263
pollutionair,3888
pollutionmodified,3890
imageerika,2575
zolli,5788
cityeeasharemost,892
dwellers,1585
exposed,1893
unsafe,5435
premature,3949
deaths,1304
declined,1326
resulting,4381
improvement,2600
remains,4305
recommendations,4230
estimated,1783
respectively,4364
linked,3039
stroke,4947
morbidity,3368
diseases,1481
healthcare,2411
susceptible,5040
tend,5133
pre,3942
existing,1854
eea,1631
besides,539
considerably,1098
expectancy,1859
vegetation,5510
guideline,2333
primarily,3985
domestic,1524
reportsince,4332
adopted,84
strict,4941
ambient,220
directives,1459
inform,2669
proposed,4065
directive,1456
relation,4287
creates,1211
reliable,4298
comparable,1022
ensures,1736
sets,4625
oxides,3686
nox,3549
volatile,5561
organic,3643
compounds,1043
nmvocs,3513
sulphur,5003
ammonia,227
nh,3494
supportpress,5022
articlesemissions,352
decline,1325
challenge,810
childrensee,857
allpublicationseu,204
informative,2674
convention,1150
directiveair,1457
healthzero,2416
assessmenteurope,373
allindicatorsemissions,196
europeemissions,1799
europepersistent,1803
europesee,1804
allmaps,198
chartseuropean,841
viewerlocal,5539
indexair,2635
statisticsup,4888
datanational,1285
viewersee,5540
alldatahubnational,188
transboundary,5298
lrtap,3105
nec,3452
datasee,1286
allcountry,186
sheetsair,4652
sheetssee,4653
allinfo,197
pagesηow,3699
affects,118
healthnational,2413
directivefrequently,1458
questionssee,4136
allpremature,203
chronic,873
acute,61
exposuresource,1897
lifesource,3023
qualityreducing,4127
europeeurope,1800
necd,3453
briefing,649
unknown,5425
emissionscheck,1686
apphow,296
namely,3424
phones,3799
viewerimageneli,5538
petrova,3790
eeamore,1632
informationother,2672
chemicalsenvironmental,848
impactsenvironmental,2584
inequalities,2658
healthnoise,2414
mobilityurban,3330
eiep,1645
usfaqscareerscontact,5477
ussign,5483
newsletterenvironmental,3486
systemsprivacysitemapcms,5070
logintop,3083
iqair,2776
purifiers,4111
masks,3182
qualityair,4126
room,4451
atem,391
cityus,898
riyadh,4433
saudi,4508
arabia,320
beijing,518
krasnoyarsk,2903
jakarta,2805
kuching,2906
dhaka,1424
dubai,1578
kuala,2905
lumpur,3110
hanoi,2363
ranking,4170
countriesregions,1189
safeguards,4478
museum,3411
filtration,2006
visitors,5550
agoget,140
daylearn,1294
agowhat,142
swiss,5056
agodoes,139
allergy,190
sufferers,4989
agoiqair,141
guidelinethe,2335
analyzed,240
anytime,286
appget,295
phone,3798
monitorseverything,3358
indoors,2652
solutionssee,4786
purification,4109
schools,4536
apprated,304
worldreal,5731
forecastafghanistankabulalbaniatiranaargentinabuenos,2076
airescordobaaustraliaadelaidebrisbanecanberramelbourneperthsydneyaustriaviennabahrainmanamabangladeshchittagongdhakakhulnarajshahibelarusminskbelgiumbrusselsliègebrazilbelembelo,159
horizontebrasiliacuritibafortalezamanausreciferio,2501
janeirosalvadorsao,2808
paulobruneibandar,3750
seri,4613
begawanbulgariasofiacambodiaphnom,510
penhcanadacalgaryedmontonmontrealottawatorontochilesantiagochinaanyangbeijingchangchunchangshachengduchongqingdaliandongguanfoshanguangzhouhangzhouharbinhefeijiaozuojinankunmingliaochengnanjingnanningningboqingdaoshanghaishantoushenyangshenzhenshijiazhuangsuzhoutaiyuantianjinurumqiwuhanxingtaixinxiangzhengzhoucolombiabarranquillabogotamedellincroatiazagrebcyprusnicosiaczech,3761
republicbrnoostravaplzenpraguedenmarkcopenhagenegyptalexandriacairogizaestoniatallinnfinlandhelsinkifrancelyonmarseilleniceparistoulousegermanyberlindüsseldorffrankfurt,4338
mainhamburgmunichstuttgartghanaaccragreeceathensthessalonikiguatemalaguatemala,3132
cityhungarybudapesticelandreykjavikindiaagraahmedabadallahabadamritsaraurangabadbhopalchennaicoimbatoredelhidhanbadfaridabadgayaghaziabadgurgaongwaliorhaorahyderabadindorejabalpurjaipurjodhpurkanpurkolkatakotalucknowludhianamaduraimeerutmuzaffarpurnagpurnashiknavi,893
mumbaipatialapatnapuneraipurrajkotranchisrinagarsuratthanevadodaravaranasivijayawadavisakhapatnamindonesiabandungbekasijakartamakassarmedansurabayairanahvazisfahankarajkermanshahmashhadqomrashtshiraztabriztehranurmiazahedanirelanddublinisraeljerusalemitalynaplesromejapanchibahamamatsukawasakikitakyushukobekumamotokyotonagoyaosakasakaisapporotokyoyokohamakazakhstanalmatyshymkentkosovopristinakyrgyzstanbishkeklatviarigalithuaniavilniusmacao,3406
sarmacaomalaysiageorge,4501
townkuala,5281
lumpurmexicociudad,3111
juárezculiacanguadalajaraleonmexico,2860
citymonterreynezahualcóyotltijuanazapopanmoldovachisinaumonacomonacomongoliaulaanbaatarmoroccocasablancamarrakeshsaletangiernetherlandsamsterdamrotterdamnorwayoslopakistanfaisalabadgujranwalahyderabadkarachilahoremultanpeshawarrawalpindipanamapanamaphilippinesantipolocaloocancebu,895
citydavao,891
citymanilaquezon,894
citypolandgdanskkrakowlodzpoznanwarsawwroclawportugallisbonqataral,896
wakrahdoharomaniabucharestrussiachelyabinskkazankrasnodarkrasnoyarskmoscownovosibirskomskpermsaint,5576
petersburgsamarasaratovufavolgogradvoronezhyekaterinburgsaudi,3786
arabiadammamjeddahmeccamedinariyadhta,321
ifserbiabelgradeslovakiabratislavaslovenialjubljanasouth,2566
africacape,123
towndurbaneast,5280
londonjohannesburgport,3085
elizabethpretoriasoshanguvevereenigingsouth,1664
koreabusandaegudaejeongwangjuincheonseoulsuwonulsanspainbarcelonamadridmalagavalenciaswedenstockholmswitzerlandbaselbernzurichtaiwankaohsiungtaichungtainantaipeitaoyuanthailandbangkokchiang,2900
maichiang,3130
raimae,4158
channakhon,828
ratchasimapaiphuketturkeyadanaankaraantalyabursagaziantepistanbulkayserikonyaukrainedniprokharkivkyivodessaunited,4175
emiratesabu,1683
dhabidubaiunited,1423
kingdombirminghambradfordbristolcardiffedinburghglasgowleedsliverpoollondonmanchesternottinghamsheffieldusaalbuquerqueatlantaaustinbaltimorebostoncharlottechicagodallasdenverfort,2885
worthhartfordhoustonindianapolisjacksonvillelas,5740
vegaslos,5509
angelesmilwaukeenew,249
yorkphiladelphiaphoenixsacramentosalt,5766
citysan,897
antoniosan,279
diegosan,1432
franciscosan,2115
joseseattlewashingtonuzbekistantashkentvietnamcan,2833
thoda,5186
nanghaiphonghanoi,3427
cart,757
empty,1696
iqairabout,2777
uscontact,5467
uscareersmedianewsroompress,5466
releasesmedia,4295
contactpartnerbecome,1117
dealer,1301
metric,3271
sale,4484
worldmost,5729
worldthis,5732
compares,1024
measured,3220
contentnewsletterssubscribemenureferenceair,1122
explainedpollutants,1878
visible,5547
pollutionbychristina,3889
nunezpublished,3558
min,3287
readsharetweetemaildespite,4200
remain,4303
numbers,3556
consumption,1115
politicians,3880
soot,4801
mold,3347
indoor,2651
radon,4154
cigarette,879
vocs,5557
formaldehyde,2086
asbestos,355
hazardpoor,2398
kills,2880
kerosene,2870
lung,3112
estimates,1784
respectful,4362
unauthorized,5389
prohibited,4047
iceberg,2541
continent,1127
br,631
photograph,3802
paul,3749
nicklen,3497
collectionwhile,973
emerge,1678
sneezing,4760
coughing,1184
irritation,2785
headaches,2403
dizziness,1507
micrometers,3274
classified,910
pose,3911
breathed,642
deeply,1334
lungs,3113
cross,1227
bloodstream,590
disruptions,1490
expose,1892
ticks,5209
carry,754
lyme,3116
mosquitoes,3380
transmit,5308
nile,3504
chikungunya,854
dengue,1361
zika,5786
impactsthough,2585
emit,1687
planes,3829
involve,2771
trap,5313
pumped,4101
landfills,2924
chlorofluorocarbons,863
cfcs,805
refrigerants,4267
propellants,4062
banned,463
deteriorating,1409
peter,3785
essick,1778
collectionplease,972
component,1039
acid,42
reflect,4262
keeps,2867
eruptions,1769
spew,4837
lasts,2941
volcanoes,5563
airborne,156
depending,1375
makeup,3139
deplete,1377
nutrients,3559
waterways,5608
monuments,3366
statues,4889
tackling,5078
strides,4943
choked,868
skies,4730
partly,3727
canceling,735
aimed,153
famously,1945
hazy,2400
los,3093
angeles,248
cooking,1158
cookstoves,1159
prevalent,3978
testing,5144
kitchen,2889
bathroom,489
fans,1946
avoiding,432
smoking,4757
paint,3701
ul,5384
greenguard,2300
replacing,4324
fueled,2142
larger,2937
ratified,4182
montreal,3365
banning,465
hydrofluorocarbons,2535
hfcs,2448
addition,73
sharetweetemailread,4641
nextsummer,3493
perfect,3768
afternoon,126
archaeologyfrom,323
unraveling,5432
reconstruct,4232
genomes,2200
changer,824
ethical,1788
perils,3771
cinque,881
terre,5142
enjoy,1728
winetravelslow,5694
wineby,5692
celebrating,786
traditions,5287
steepest,4897
vineyards,5543
winemakers,5693
uncork,5392
trips,5335
touristed,5277
weaponusing,5619
technique,5114
passed,3735
mastered,3187
hunting,2529
